"1","6358944","1",NULL
"2","1567916","1",NULL
"3","7642315","1",NULL
"4","6753921","1",NULL
"5","7687814","1",NULL
"6","0660160","1",NULL
"7","9460856","1",NULL
"8","2190008","1",NULL
"9","0218598","1",NULL
"10","5763242","1",NULL
"11","3540444","1",NULL
"12","0457397","1",NULL
"13","1837107","1",NULL
"14","5303877","1",NULL
"15","5931399","1",NULL
"16","8835698","1",NULL
"17","5708924","1",NULL
"18","9053144","1",NULL
"19","7421168","1",NULL
"20","1720691","1",NULL
"21","6158134","1",NULL
"22","8835976","1",NULL
"23","4324411","1",NULL
"24","6677007","1",NULL
"25","8403039","1",NULL
"26","0980435","1",NULL
"27","1438095","1",NULL
"28","2354320","1",NULL
"29","2824460","1",NULL
"30","3047492","1",NULL
"31","7465754","1",NULL
"32","7729962","1",NULL
"33","0516242","1",NULL
"34","7625745","1",NULL
"35","1934759","1",NULL
"36","3906130","1",NULL
"37","7775162","1",NULL
"38","2181518","1",NULL
"39","5596233","1",NULL
"40","8809395","1",NULL
"41","6118644","1",NULL
"42","7419381","1",NULL
"43","5525173","1",NULL
"44","1692247","1",NULL
"45","5666006","1",NULL
"46","0825300","1",NULL
"47","7507387","1",NULL
"48","7428464","1",NULL
"49","7399934","1",NULL
"50","3014495","1",NULL
"51","8772143","1",NULL
"52","1863061","1",NULL
"53","8907622","1",NULL
"54","3352290","1",NULL
"55","0847189","1",NULL
"56","7209535","1",NULL
"57","5535140","1",NULL
"58","1982851","1",NULL
"59","7005901","1",NULL
"60","1426282","1",NULL
"61","5441975","1",NULL
"62","5971483","1",NULL
"63","1570756","1",NULL
"64","8701534","1",NULL
"65","3915448","1",NULL
"66","9498201","1",NULL
"67","8362230","1",NULL
"68","6096106","1",NULL
"69","5319562","1",NULL
"70","0989284","1",NULL
"71","9575999","1",NULL
"72","1230058","1",NULL
"73","3913385","1",NULL
"74","6238113","1",NULL
"75","3082677","1",NULL
"76","5151042","1",NULL
"77","2940643","1",NULL
"78","5058968","1",NULL
"79","8441628","1",NULL
"80","7027274","1",NULL
"81","1276265","1",NULL
"82","1218740","1",NULL
"83","0534061","1",NULL
"84","1489257","1",NULL
"85","6759418","1",NULL
"86","3649794","1",NULL
"87","7502110","1",NULL
"88","8644762","1",NULL
"89","1096247","1",NULL
"90","4062294","1",NULL
"91","7617163","1",NULL
"92","4932658","1",NULL
"93","2540083","1",NULL
"94","3984485","1",NULL
"95","1483962","1",NULL
"96","6122717","1",NULL
"97","2210391","1",NULL
"98","3948954","1",NULL
"99","2433637","1",NULL
"100","4450826","1",NULL
"101","1212353","1",NULL
"102","3253696","1",NULL
"103","3479426","1",NULL
"104","9865326","1",NULL
"105","6431732","1",NULL
"106","5711565","1",NULL
"107","9036862","1",NULL
"108","3039303","1",NULL
"109","6398380","1",NULL
"110","9506681","1",NULL
"111","8252200","1",NULL
"112","6204603","1",NULL
"113","1171155","1",NULL
"114","6696646","1",NULL
"115","6294872","1",NULL
"116","7929353","1",NULL
"117","1672563","1",NULL
"118","0720603","1",NULL
"119","7319732","1",NULL
"120","3534302","1",NULL
"121","1956273","1",NULL
"122","5183182","1",NULL
"123","4166558","1",NULL
"124","2815916","1",NULL
"125","9978672","1",NULL
"126","6007762","1",NULL
"127","7161661","1",NULL
"128","1898336","1",NULL
"129","3888812","1",NULL
"130","0611362","1",NULL
"131","2958658","1",NULL
"132","7972483","1",NULL
"133","6381379","1",NULL
"134","7935583","1",NULL
"135","1806508","1",NULL
"136","1767533","1",NULL
"137","0257097","1",NULL
"138","0631832","1",NULL
"139","0650101","1",NULL
"140","5494617","1",NULL
"141","8020002","1",NULL
"142","1319610","1",NULL
"143","2281698","1",NULL
"144","4739873","1",NULL
"145","7996549","1",NULL
"146","8614383","1",NULL
"147","7683252","1",NULL
"148","4954461","1",NULL
"149","0323517","1",NULL
"150","0040895","1",NULL
"151","1756193","1",NULL
"152","3052644","1",NULL
"153","9891800","1",NULL
"154","6645496","1",NULL
"155","1771984","1",NULL
"156","2678434","1",NULL
"157","0016574","1",NULL
"158","4058580","1",NULL
"159","2867990","1",NULL
"160","1492778","1",NULL
"161","4922579","1",NULL
"162","7955482","1",NULL
"163","0990205","1",NULL
"164","4841181","1",NULL
"165","0518755","1",NULL
"166","9304125","1",NULL
"167","2647118","1",NULL
"168","2974533","1",NULL
"169","6968601","1",NULL
"170","8480360","1",NULL
"171","6251924","1",NULL
"172","7872936","1",NULL
"173","7322331","1",NULL
"174","7387925","1",NULL
"175","5638421","1",NULL
"176","4679695","1",NULL
"177","1725113","1",NULL
"178","7366536","1",NULL
"179","8375817","1",NULL
"180","2866807","1",NULL
"181","6554538","1",NULL
"182","5126155","1",NULL
"183","4247879","1",NULL
"184","0186206","1",NULL
"185","5982824","1",NULL
"186","0848335","1",NULL
"187","7134147","1",NULL
"188","0798758","1",NULL
"189","9087077","1",NULL
"190","9381583","1",NULL
"191","8637345","1",NULL
"192","3818567","1",NULL
"193","6704488","1",NULL
"194","7343085","1",NULL
"195","6209987","1",NULL
"196","1922861","1",NULL
"197","8187817","1",NULL
"198","9362129","1",NULL
"199","4646278","1",NULL
"200","0973392","1",NULL
"201","3085637","1",NULL
"202","7292560","1",NULL
"203","9766203","1",NULL
"204","9446529","1",NULL
"205","6948102","1",NULL
"206","8441460","1",NULL
"207","9821454","1",NULL
"208","4822667","1",NULL
"209","4916402","1",NULL
"210","9518367","1",NULL
"211","7290009","1",NULL
"212","4544642","1",NULL
"213","5468479","1",NULL
"214","9286375","1",NULL
"215","0247042","1",NULL
"216","4563736","1",NULL
"217","6284405","1",NULL
"218","7251196","1",NULL
"219","4725697","1",NULL
"220","7768195","1",NULL
"221","5236691","1",NULL
"222","2820807","1",NULL
"223","0456395","1",NULL
"224","4081775","1",NULL
"225","4969195","1",NULL
"226","9608043","1",NULL
"227","8381838","1",NULL
"228","7213198","1",NULL
"229","2091533","1",NULL
"230","3515417","1",NULL
"231","4318522","1",NULL
"232","4978188","1",NULL
"233","5481068","1",NULL
"234","3821981","1",NULL
"235","6122844","1",NULL
"236","3480249","1",NULL
"237","4827908","1",NULL
"238","0762899","1",NULL
"239","4842968","1",NULL
"240","7499518","1",NULL
"241","8468839","1",NULL
"242","5957389","1",NULL
"243","0913211","1",NULL
"244","3516905","1",NULL
"245","6495752","1",NULL
"246","6073658","1",NULL
"247","1993631","1",NULL
"248","7990812","1",NULL
"249","6851787","1",NULL
"250","1452359","1",NULL
"251","6192252","1",NULL
"252","9357823","1",NULL
"253","5143125","1",NULL
"254","1839140","1",NULL
"255","7863561","1",NULL
"256","3146924","1",NULL
"257","4016301","1",NULL
"258","2045712","1",NULL
"259","9547342","1",NULL
"260","3450669","1",NULL
"261","2452316","1",NULL
"262","2114504","1",NULL
"263","3551561","1",NULL
"264","1670128","1",NULL
"265","6595897","1",NULL
"266","9084591","1",NULL
"267","8431289","1",NULL
"268","8239904","1",NULL
"269","2738865","1",NULL
"270","4341224","1",NULL
"271","0379974","1",NULL
"272","0545920","1",NULL
"273","1760100","1",NULL
"274","7583970","1",NULL
"275","3390592","1",NULL
"276","9002898","1",NULL
"277","4073401","1",NULL
"278","2328011","1",NULL
"279","3406836","1",NULL
"280","9724142","1",NULL
"281","0738327","1",NULL
"282","5232870","1",NULL
"283","6132234","1",NULL
"284","8774787","1",NULL
"285","4913484","1",NULL
"286","2068607","1",NULL
"287","3221132","1",NULL
"288","3603000","1",NULL
"289","0430565","1",NULL
"290","6087058","1",NULL
"291","2907472","1",NULL
"292","6929476","1",NULL
"293","0242448","1",NULL
"294","9814421","1",NULL
"295","3984581","1",NULL
"296","9185169","1",NULL
"297","5323827","1",NULL
"298","7737843","1",NULL
"299","4841644","1",NULL
"300","7917066","1",NULL
"301","5398329","1",NULL
"302","3471080","1",NULL
"303","6500144","1",NULL
"304","0711113","1",NULL
"305","9860873","1",NULL
"306","5988770","1",NULL
"307","4037370","1",NULL
"308","0636750","1",NULL
"309","9277251","1",NULL
"310","9063451","1",NULL
"311","6882077","1",NULL
"312","5822979","1",NULL
"313","5820939","1",NULL
"314","3043415","1",NULL
"315","5634631","1",NULL
"316","9064146","1",NULL
"317","8998562","1",NULL
"318","4547504","1",NULL
"319","1162647","1",NULL
"320","5732081","1",NULL
"321","9106563","1",NULL
"322","5663851","1",NULL
"323","6636777","1",NULL
"324","8131124","1",NULL
"325","2169491","1",NULL
"326","1523470","1",NULL
"327","5700678","1",NULL
"328","9724536","1",NULL
"329","3856455","1",NULL
"330","7119019","1",NULL
"331","3780801","1",NULL
"332","9778765","1",NULL
"333","8219684","1",NULL
"334","7896963","1",NULL
"335","4702212","1",NULL
"336","0780984","1",NULL
"337","9511536","1",NULL
"338","9334343","1",NULL
"339","7552631","1",NULL
"340","6389501","1",NULL
"341","9956193","1",NULL
"342","9690893","1",NULL
"343","0556993","1",NULL
"344","9854376","1",NULL
"345","1841523","1",NULL
"346","9579197","1",NULL
"347","2152711","1",NULL
"348","1342229","1",NULL
"349","8872969","1",NULL
"350","3817209","1",NULL
"351","4542429","1",NULL
"352","3112881","1",NULL
"353","2123105","1",NULL
"354","0673241","1",NULL
"355","4865319","1",NULL
"356","9675101","1",NULL
"357","1612736","1",NULL
"358","8339242","1",NULL
"359","8258797","1",NULL
"360","4953311","1",NULL
"361","7653987","1",NULL
"362","7735050","1",NULL
"363","8396208","1",NULL
"364","4985283","1",NULL
"365","7137344","1",NULL
"366","2293137","1",NULL
"367","3341695","1",NULL
"368","2860792","1",NULL
"369","2836518","1",NULL
"370","9977916","1",NULL
"371","9179953","1",NULL
"372","8597988","1",NULL
"373","5367717","1",NULL
"374","8662817","1",NULL
"375","8631347","1",NULL
"376","1303036","1",NULL
"377","3853003","1",NULL
"378","8390495","1",NULL
"379","6255339","1",NULL
"380","8627682","1",NULL
"381","6458127","1",NULL
"382","3784770","1",NULL
"383","6578600","1",NULL
"384","9152866","1",NULL
"385","7791038","1",NULL
"386","3981334","1",NULL
"387","3170886","1",NULL
"388","1555686","1",NULL
"389","2346925","1",NULL
"390","2389015","1",NULL
"391","9934216","1",NULL
"392","4273016","1",NULL
"393","9123617","1",NULL
"394","2664149","1",NULL
"395","9084948","1",NULL
"396","0278164","1",NULL
"397","3326921","1",NULL
"398","8411489","1",NULL
"399","3506685","1",NULL
"400","1844637","1",NULL
"401","0406911","1",NULL
"402","4690603","1",NULL
"403","3614640","1",NULL
"404","3714251","1",NULL
"405","9213631","1",NULL
"406","4777529","1",NULL
"407","2571174","1",NULL
"408","6632345","1",NULL
"409","3671276","1",NULL
"410","3969848","1",NULL
"411","1094933","1",NULL
"412","9785037","1",NULL
"413","2617137","1",NULL
"414","7982632","1",NULL
"415","0553858","1",NULL
"416","4411263","1",NULL
"417","5659058","1",NULL
"418","5286414","1",NULL
"419","3741050","1",NULL
"420","1743922","1",NULL
"421","5051755","1",NULL
"422","4733283","1",NULL
"423","7499500","1",NULL
"424","6579125","1",NULL
"425","1123563","1",NULL
"426","0695241","1",NULL
"427","6016206","1",NULL
"428","2762063","1",NULL
"429","8922549","1",NULL
"430","0066452","1",NULL
"431","8097619","1",NULL
"432","7243593","1",NULL
"433","1085575","1",NULL
"434","1667240","1",NULL
"435","9415414","1",NULL
"436","0032574","1",NULL
"437","1712486","1",NULL
"438","3196945","1",NULL
"439","5213775","1",NULL
"440","5218245","1",NULL
"441","2533891","1",NULL
"442","1231489","1",NULL
"443","9286782","1",NULL
"444","4083139","1",NULL
"445","6335196","1",NULL
"446","3771475","1",NULL
"447","1615700","1",NULL
"448","4137718","1",NULL
"449","6937157","1",NULL
"450","2584148","1",NULL
"451","2907054","1",NULL
"452","6229478","1",NULL
"453","2486879","1",NULL
"454","6331665","1",NULL
"455","2341233","1",NULL
"456","4984987","1",NULL
"457","8136695","1",NULL
"458","9730685","1",NULL
"459","6781404","1",NULL
"460","2742961","1",NULL
"461","6954633","1",NULL
"462","5392662","1",NULL
"463","5383025","1",NULL
"464","5894885","1",NULL
"465","3438108","1",NULL
"466","8782796","1",NULL
"467","6089599","1",NULL
"468","8661076","1",NULL
"469","4194285","1",NULL
"470","7677933","1",NULL
"471","3613054","1",NULL
"472","3115485","1",NULL
"473","3819916","1",NULL
"474","0283160","1",NULL
"475","5584516","1",NULL
"476","6861616","1",NULL
"477","5664700","1",NULL
"478","0027264","1",NULL
"479","7782195","1",NULL
"480","8580640","1",NULL
"481","6692699","1",NULL
"482","2346464","1",NULL
"483","2788107","1",NULL
"484","2353592","1",NULL
"485","3918107","1",NULL
"486","9156324","1",NULL
"487","0370426","1",NULL
"488","7043873","1",NULL
"489","4939910","1",NULL
"490","4414146","1",NULL
"491","9770370","1",NULL
"492","1926459","1",NULL
"493","4093049","1",NULL
"494","7217134","1",NULL
"495","2432915","1",NULL
"496","6337309","1",NULL
"497","5023651","1",NULL
"498","7739007","1",NULL
"499","8174319","1",NULL
"500","8653509","1",NULL
"501","2124305","1",NULL
"502","8282120","1",NULL
"503","4288816","1",NULL
"504","0257538","1",NULL
"505","2559718","1",NULL
"506","2546616","1",NULL
"507","5936113","1",NULL
"508","5506219","1",NULL
"509","0715638","1",NULL
"510","3236226","1",NULL
"511","1010580","1",NULL
"512","0895094","1",NULL
"513","0279153","1",NULL
"514","3688913","1",NULL
"515","1930525","1",NULL
"516","8239974","1",NULL
"517","4590918","1",NULL
"518","5568516","1",NULL
"519","9477170","1",NULL
"520","8091060","1",NULL
"521","6135399","1",NULL
"522","7899080","1",NULL
"523","0532338","1",NULL
"524","2909346","1",NULL
"525","3214954","1",NULL
"526","4496023","1",NULL
"527","0193235","1",NULL
"528","9973442","1",NULL
"529","6998241","1",NULL
"530","0165752","1",NULL
"531","1097222","1",NULL
"532","0427028","1",NULL
"533","9753146","1",NULL
"534","1988080","1",NULL
"535","9634774","1",NULL
"536","2755884","1",NULL
"537","8045574","1",NULL
"538","7931533","1",NULL
"539","3173815","1",NULL
"540","5219979","1",NULL
"541","4534949","1",NULL
"542","0829016","1",NULL
"543","1133015","1",NULL
"544","4091324","1",NULL
"545","4827282","1",NULL
"546","0441867","1",NULL
"547","0843598","1",NULL
"548","4290731","1",NULL
"549","9710921","1",NULL
"550","1252224","1",NULL
"551","3884970","1",NULL
"552","5708012","1",NULL
"553","0135670","1",NULL
"554","3748742","1",NULL
"555","8815757","1",NULL
"556","5524091","1",NULL
"557","1511708","1",NULL
"558","7686512","1",NULL
"559","6502621","1",NULL
"560","4125830","1",NULL
"561","2489121","1",NULL
"562","8689936","1",NULL
"563","8512879","1",NULL
"564","2542248","1",NULL
"565","4427851","1",NULL
"566","9404089","1",NULL
"567","8525530","1",NULL
"568","9648929","1",NULL
"569","8834970","1",NULL
"570","1626494","1",NULL
"571","4532990","1",NULL
"572","5547938","1",NULL
"573","9160693","1",NULL
"574","8093197","1",NULL
"575","6468811","1",NULL
"576","4235978","1",NULL
"577","7460149","1",NULL
"578","1735829","1",NULL
"579","4542261","1",NULL
"580","2852953","1",NULL
"581","5074486","1",NULL
"582","1061470","1",NULL
"583","0368987","1",NULL
"584","7735442","1",NULL
"585","3653247","1",NULL
"586","0477450","1",NULL
"587","3900059","1",NULL
"588","2870735","1",NULL
"589","5979775","1",NULL
"590","1888642","1",NULL
"591","4037340","1",NULL
"592","9081586","1",NULL
"593","3191422","1",NULL
"594","6840230","1",NULL
"595","6241688","1",NULL
"596","7738784","1",NULL
"597","6969258","1",NULL
"598","4097417","1",NULL
"599","3842919","1",NULL
"600","4939916","1",NULL
"601","3554158","1",NULL
"602","2321703","1",NULL
"603","8078093","1",NULL
"604","6772696","1",NULL
"605","8551116","1",NULL
"606","5477624","1",NULL
"607","3387714","1",NULL
"608","5101468","1",NULL
"609","0841873","1",NULL
"610","2736209","1",NULL
"611","1597006","1",NULL
"612","0042210","1",NULL
"613","1674216","1",NULL
"614","2584853","1",NULL
"615","6431986","1",NULL
"616","7825293","1",NULL
"617","6336213","1",NULL
"618","4356380","1",NULL
"619","4737908","1",NULL
"620","6654760","1",NULL
"621","6970270","1",NULL
"622","4212041","1",NULL
"623","8868370","1",NULL
"624","3053710","1",NULL
"625","4008681","1",NULL
"626","0050698","1",NULL
"627","9528130","1",NULL
"628","2003717","1",NULL
"629","0514068","1",NULL
"630","3372138","1",NULL
"631","9232172","1",NULL
"632","8440090","1",NULL
"633","6382008","1",NULL
"634","5153802","1",NULL
"635","5958092","1",NULL
"636","4001824","1",NULL
"637","1825479","1",NULL
"638","6597897","1",NULL
"639","2486682","1",NULL
"640","5339363","1",NULL
"641","4139976","1",NULL
"642","1676534","1",NULL
"643","0223916","1",NULL
"644","1034088","1",NULL
"645","6598252","1",NULL
"646","5135103","1",NULL
"647","2172373","1",NULL
"648","5637184","1",NULL
"649","7602030","1",NULL
"650","3779655","1",NULL
"651","9905044","1",NULL
"652","0878509","1",NULL
"653","6205154","1",NULL
"654","2291438","1",NULL
"655","6711502","1",NULL
"656","0798749","1",NULL
"657","6364778","1",NULL
"658","8197530","1",NULL
"659","6215786","1",NULL
"660","4834489","1",NULL
"661","8865944","1",NULL
"662","4554575","1",NULL
"663","3256095","1",NULL
"664","5029110","1",NULL
"665","3543286","1",NULL
"666","2013054","1",NULL
"667","4885063","1",NULL
"668","4438489","1",NULL
"669","2067085","1",NULL
"670","7896763","1",NULL
"671","9641208","1",NULL
"672","1334762","1",NULL
"673","4464695","1",NULL
"674","1092352","1",NULL
"675","4681998","1",NULL
"676","6161606","1",NULL
"677","5379756","1",NULL
"678","4469721","1",NULL
"679","8802124","1",NULL
"680","2356101","1",NULL
"681","1592540","1",NULL
"682","6177829","1",NULL
"683","0117119","1",NULL
"684","3397208","1",NULL
"685","7446714","1",NULL
"686","1008346","1",NULL
"687","9812611","1",NULL
"688","4172502","1",NULL
"689","5185912","1",NULL
"690","5334629","1",NULL
"691","8554888","1",NULL
"692","7706308","1",NULL
"693","7427821","1",NULL
"694","4867452","1",NULL
"695","8104718","1",NULL
"696","5426924","1",NULL
"697","1309430","1",NULL
"698","3741838","1",NULL
"699","2525623","1",NULL
"700","2793840","1",NULL
"701","5280664","1",NULL
"702","1118213","1",NULL
"703","5698002","1",NULL
"704","0956384","1",NULL
"705","2040167","1",NULL
"706","0245343","1",NULL
"707","7393308","1",NULL
"708","3981672","1",NULL
"709","6155316","1",NULL
"710","8318923","1",NULL
"711","3906236","1",NULL
"712","8246748","1",NULL
"713","0194566","1",NULL
"714","1602640","1",NULL
"715","3632624","1",NULL
"716","1973404","1",NULL
"717","9855029","1",NULL
"718","3237052","1",NULL
"719","4906091","1",NULL
"720","2963262","1",NULL
"721","3863027","1",NULL
"722","8417661","1",NULL
"723","3928721","1",NULL
"724","6022528","1",NULL
"725","3258833","1",NULL
"726","8269393","1",NULL
"727","6610096","1",NULL
"728","9640973","1",NULL
"729","7396045","1",NULL
"730","0270743","1",NULL
"731","2489223","1",NULL
"732","5600809","1",NULL
"733","2952044","1",NULL
"734","6075156","1",NULL
"735","3069177","1",NULL
"736","3120583","1",NULL
"737","9460305","1",NULL
"738","7675872","1",NULL
"739","5034504","1",NULL
"740","4502020","1",NULL
"741","9072652","1",NULL
"742","6339200","1",NULL
"743","4411864","1",NULL
"744","0866192","1",NULL
"745","9580283","1",NULL
"746","3941981","1",NULL
"747","1292365","1",NULL
"748","0744531","1",NULL
"749","4196087","1",NULL
"750","9917620","1",NULL
"751","1345291","1",NULL
"752","4490746","1",NULL
"753","5497756","1",NULL
"754","6987526","1",NULL
"755","9079152","1",NULL
"756","3278021","1",NULL
"757","6320784","1",NULL
"758","5708195","1",NULL
"759","6233847","1",NULL
"760","7714231","1",NULL
"761","7680481","1",NULL
"762","6369870","1",NULL
"763","6580127","1",NULL
"764","3194713","1",NULL
"765","9494163","1",NULL
"766","1392566","1",NULL
"767","7336336","1",NULL
"768","8119470","1",NULL
"769","5931630","1",NULL
"770","9125928","1",NULL
"771","4319005","1",NULL
"772","4345675","1",NULL
"773","9340053","1",NULL
"774","0548068","1",NULL
"775","8611961","1",NULL
"776","3882453","1",NULL
"777","9763184","1",NULL
"778","1049517","1",NULL
"779","1372458","1",NULL
"780","9600341","1",NULL
"781","6789379","1",NULL
"782","0390227","1",NULL
"783","3772816","1",NULL
"784","7718472","1",NULL
"785","0318772","1",NULL
"786","2023484","1",NULL
"787","0572276","1",NULL
"788","4688406","1",NULL
"789","1110089","1",NULL
"790","6097925","1",NULL
"791","5890597","1",NULL
"792","1967521","1",NULL
"793","1157104","1",NULL
"794","3543177","1",NULL
"795","0199636","1",NULL
"796","7956566","1",NULL
"797","5206752","1",NULL
"798","7518188","1",NULL
"799","4929081","1",NULL
"800","6289702","1",NULL
"801","9642922","1",NULL
"802","3224461","1",NULL
"803","3647557","1",NULL
"804","3871160","1",NULL
"805","2853118","1",NULL
"806","4399637","1",NULL
"807","7728427","1",NULL
"808","7723015","1",NULL
"809","6358599","1",NULL
"810","0719515","1",NULL
"811","0244168","1",NULL
"812","9208324","1",NULL
"813","6308202","1",NULL
"814","7626056","1",NULL
"815","9532581","1",NULL
"816","5449664","1",NULL
"817","1869117","1",NULL
"818","7405887","1",NULL
"819","9100850","1",NULL
"820","2788739","1",NULL
"821","9408592","1",NULL
"822","8748685","1",NULL
"823","0718366","1",NULL
"824","9767106","1",NULL
"825","4236119","1",NULL
"826","4655249","1",NULL
"827","3557464","1",NULL
"828","9897526","1",NULL
"829","2162972","1",NULL
"830","3407038","1",NULL
"831","6208017","1",NULL
"832","8246416","1",NULL
"833","7568636","1",NULL
"834","7155998","1",NULL
"835","8198880","1",NULL
"836","7087284","1",NULL
"837","2162209","1",NULL
"838","7724181","1",NULL
"839","7931159","1",NULL
"840","2532188","1",NULL
"841","2195813","1",NULL
"842","9326958","1",NULL
"843","7214529","1",NULL
"844","8176612","1",NULL
"845","6943162","1",NULL
"846","2799200","1",NULL
"847","9760774","1",NULL
"848","9354385","1",NULL
"849","6945117","1",NULL
"850","4452732","1",NULL
"851","4667636","1",NULL
"852","6046533","1",NULL
"853","1052528","1",NULL
"854","1027671","1",NULL
"855","4169969","1",NULL
"856","6070084","1",NULL
"857","6401179","1",NULL
"858","7700367","1",NULL
"859","0431970","1",NULL
"860","8853392","1",NULL
"861","5889568","1",NULL
"862","9099145","1",NULL
"863","4236298","1",NULL
"864","4840331","1",NULL
"865","1831499","1",NULL
"866","9951279","1",NULL
"867","8323645","1",NULL
"868","6387023","1",NULL
"869","7527819","1",NULL
"870","3633669","1",NULL
"871","4947829","1",NULL
"872","7606881","1",NULL
"873","3872498","1",NULL
"874","8774553","1",NULL
"875","1303449","1",NULL
"876","2381266","1",NULL
"877","4035291","1",NULL
"878","6506674","1",NULL
"879","1693130","1",NULL
"880","0066559","1",NULL
"881","5366792","1",NULL
"882","3749009","1",NULL
"883","0188162","1",NULL
"884","6352032","1",NULL
"885","9912862","1",NULL
"886","7351142","1",NULL
"887","5933173","1",NULL
"888","5888563","1",NULL
"889","6160241","1",NULL
"890","3545482","1",NULL
"891","1322563","1",NULL
"892","2823681","1",NULL
"893","6332884","1",NULL
"894","0065959","1",NULL
"895","9683066","1",NULL
"896","8125623","1",NULL
"897","4987994","1",NULL
"898","1937083","1",NULL
"899","9671788","1",NULL
"900","9539597","1",NULL
"901","8417001","1",NULL
"902","3774019","1",NULL
"903","3029585","1",NULL
"904","5463628","1",NULL
"905","8022042","1",NULL
"906","7949188","1",NULL
"907","6538596","1",NULL
"908","5167337","1",NULL
"909","1716124","1",NULL
"910","4862910","1",NULL
"911","2720091","1",NULL
"912","5668150","1",NULL
"913","3491116","1",NULL
"914","2808889","1",NULL
"915","8982287","1",NULL
"916","7683683","1",NULL
"917","5453740","1",NULL
"918","1386675","1",NULL
"919","2947362","1",NULL
"920","8477033","1",NULL
"921","3656166","1",NULL
"922","7841670","1",NULL
"923","8435172","1",NULL
"924","8830354","1",NULL
"925","7676143","1",NULL
"926","8619486","1",NULL
"927","2699572","1",NULL
"928","1339810","1",NULL
"929","5459041","1",NULL
"930","8023619","1",NULL
"931","5533310","1",NULL
"932","3911876","1",NULL
"933","4039316","1",NULL
"934","3482865","1",NULL
"935","0968965","1",NULL
"936","4917133","1",NULL
"937","8337651","1",NULL
"938","0155149","1",NULL
"939","6667764","1",NULL
"940","0599880","1",NULL
"941","3682386","1",NULL
"942","1858326","1",NULL
"943","3913143","1",NULL
"944","0551562","1",NULL
"945","6937169","1",NULL
"946","2664549","1",NULL
"947","8002293","1",NULL
"948","2771608","1",NULL
"949","8221686","1",NULL
"950","9554315","1",NULL
"951","4528463","1",NULL
"952","1883092","1",NULL
"953","4479052","1",NULL
"954","1812025","1",NULL
"955","2467807","1",NULL
"956","2279095","1",NULL
"957","8057147","1",NULL
"958","9386206","1",NULL
"959","1670930","1",NULL
"960","8397199","1",NULL
"961","0461712","1",NULL
"962","0669597","1",NULL
"963","1991430","1",NULL
"964","2755993","1",NULL
"965","5046875","1",NULL
"966","0881537","1",NULL
"967","6242170","1",NULL
"968","9138664","1",NULL
"969","5057452","1",NULL
"970","4797738","1",NULL
"971","8574830","1",NULL
"972","7344147","1",NULL
"973","9330654","1",NULL
"974","4948747","1",NULL
"975","3924591","1",NULL
"976","0891322","1",NULL
"977","3031720","1",NULL
"978","4145426","1",NULL
"979","0289536","1",NULL
"980","8658413","1",NULL
"981","1219380","1",NULL
"982","3798345","1",NULL
"983","0452262","1",NULL
"984","0177517","1",NULL
"985","7229695","1",NULL
"986","7007397","1",NULL
"987","3790826","1",NULL
"988","2275305","1",NULL
"989","0851779","1",NULL
"990","5644109","1",NULL
"991","9797949","1",NULL
"992","8177136","1",NULL
"993","9491128","1",NULL
"994","6358228","1",NULL
"995","9539169","1",NULL
"996","9471819","1",NULL
"997","7271090","1",NULL
"998","4014163","1",NULL
"999","0787915","1",NULL
"1000","1023653","1",NULL
"1001","2983376","1",NULL
"1002","1522655","1",NULL
"1003","7165785","1",NULL
"1004","1825207","1",NULL
"1005","8603534","1",NULL
"1006","0910532","1",NULL
"1007","8899028","1",NULL
"1008","4218248","1",NULL
"1009","6054511","1",NULL
"1010","8691727","1",NULL
"1011","5279251","1",NULL
"1012","3578074","1",NULL
"1013","1824443","1",NULL
"1014","8537816","1",NULL
"1015","3026450","1",NULL
"1016","9653654","1",NULL
"1017","2700740","1",NULL
"1018","8355806","1",NULL
"1019","2190961","1",NULL
"1020","1369864","1",NULL
"1021","7798229","1",NULL
"1022","9966826","1",NULL
"1023","0958136","1",NULL
"1024","7041583","1",NULL
"1025","6706153","1",NULL
"1026","3474925","1",NULL
"1027","9304878","1",NULL
"1028","1269270","1",NULL
"1029","2861289","1",NULL
"1030","4873786","1",NULL
"1031","8428760","1",NULL
"1032","2153282","1",NULL
"1033","1410977","1",NULL
"1034","4847882","1",NULL
"1035","8466209","1",NULL
"1036","9019771","1",NULL
"1037","4528278","1",NULL
"1038","2936833","1",NULL
"1039","6079713","1",NULL
"1040","1917454","1",NULL
"1041","0012732","1",NULL
"1042","9781665","1",NULL
"1043","7904251","1",NULL
"1044","8711281","1",NULL
"1045","4830225","1",NULL
"1046","8073521","1",NULL
"1047","6347317","1",NULL
"1048","7937099","1",NULL
"1049","8948781","1",NULL
"1050","6294518","1",NULL
"1051","2984261","1",NULL
"1052","4112185","1",NULL
"1053","9895512","1",NULL
"1054","8442686","1",NULL
"1055","6005338","1",NULL
"1056","5116006","1",NULL
"1057","2646825","1",NULL
"1058","7905206","1",NULL
"1059","4359451","1",NULL
"1060","4537008","1",NULL
"1061","2628384","1",NULL
"1062","4050958","1",NULL
"1063","3527656","1",NULL
"1064","5635346","1",NULL
"1065","7254013","1",NULL
"1066","0641715","1",NULL
"1067","8716731","1",NULL
"1068","4066574","1",NULL
"1069","5947943","1",NULL
"1070","6895627","1",NULL
"1071","3109223","1",NULL
"1072","6761044","1",NULL
"1073","5830481","1",NULL
"1074","6394120","1",NULL
"1075","0196844","1",NULL
"1076","2545718","1",NULL
"1077","2461169","1",NULL
"1078","3623254","1",NULL
"1079","4837815","1",NULL
"1080","3742806","1",NULL
"1081","9950946","1",NULL
"1082","5351388","1",NULL
"1083","1987052","1",NULL
"1084","7458189","1",NULL
"1085","1106556","1",NULL
"1086","8438660","1",NULL
"1087","0062063","1",NULL
"1088","0523627","1",NULL
"1089","5590703","1",NULL
"1090","4592054","1",NULL
"1091","9683400","1",NULL
"1092","2351268","1",NULL
"1093","5701888","1",NULL
"1094","4422389","1",NULL
"1095","9235806","1",NULL
"1096","1348751","1",NULL
"1097","5242742","1",NULL
"1098","6175659","1",NULL
"1099","6011188","1",NULL
"1100","3738464","1",NULL
"1101","2985180","1",NULL
"1102","5333505","1",NULL
"1103","2838023","1",NULL
"1104","5445480","1",NULL
"1105","8074235","1",NULL
"1106","8712974","1",NULL
"1107","5139196","1",NULL
"1108","2288728","1",NULL
"1109","4920006","1",NULL
"1110","5399954","1",NULL
"1111","5192337","1",NULL
"1112","1811647","1",NULL
"1113","7976059","1",NULL
"1114","3025549","1",NULL
"1115","2865330","1",NULL
"1116","8938224","1",NULL
"1117","7986421","1",NULL
"1118","8840711","1",NULL
"1119","5588125","1",NULL
"1120","8745651","1",NULL
"1121","2219556","1",NULL
"1122","2557460","1",NULL
"1123","9911302","1",NULL
"1124","9817263","1",NULL
"1125","1133265","1",NULL
"1126","0619330","1",NULL
"1127","8754914","1",NULL
"1128","9426621","1",NULL
"1129","1781510","1",NULL
"1130","6488068","1",NULL
"1131","1395646","1",NULL
"1132","7841413","1",NULL
"1133","3800613","1",NULL
"1134","2027307","1",NULL
"1135","0902694","1",NULL
"1136","1551797","1",NULL
"1137","4813283","1",NULL
"1138","6666858","1",NULL
"1139","2782278","1",NULL
"1140","0510133","1",NULL
"1141","7372202","1",NULL
"1142","0395970","1",NULL
"1143","6819691","1",NULL
"1144","9587338","1",NULL
"1145","3643199","1",NULL
"1146","8617209","1",NULL
"1147","7023917","1",NULL
"1148","3110121","1",NULL
"1149","1254771","1",NULL
"1150","0196926","1",NULL
"1151","5081835","1",NULL
"1152","6238727","1",NULL
"1153","0702492","1",NULL
"1154","8732531","1",NULL
"1155","9082233","1",NULL
"1156","4495525","1",NULL
"1157","9779523","1",NULL
"1158","7152251","1",NULL
"1159","2045027","1",NULL
"1160","8682224","1",NULL
"1161","6485397","1",NULL
"1162","7438498","1",NULL
"1163","1850679","1",NULL
"1164","3740596","1",NULL
"1165","1577423","1",NULL
"1166","9791636","1",NULL
"1167","9073079","1",NULL
"1168","4297551","1",NULL
"1169","5653258","1",NULL
"1170","5741645","1",NULL
"1171","3202858","1",NULL
"1172","5418666","1",NULL
"1173","4056690","1",NULL
"1174","6592007","1",NULL
"1175","1176500","1",NULL
"1176","8321424","1",NULL
"1177","7130301","1",NULL
"1178","7220334","1",NULL
"1179","0221677","1",NULL
"1180","6642723","1",NULL
"1181","9372307","1",NULL
"1182","1951650","1",NULL
"1183","4967357","1",NULL
"1184","3053853","1",NULL
"1185","0687326","1",NULL
"1186","6885541","1",NULL
"1187","7712102","1",NULL
"1188","1558111","1",NULL
"1189","0482327","1",NULL
"1190","3261490","1",NULL
"1191","6850052","1",NULL
"1192","4974009","1",NULL
"1193","9999726","1",NULL
"1194","1449595","1",NULL
"1195","5945699","1",NULL
"1196","8207786","1",NULL
"1197","5635341","1",NULL
"1198","5324364","1",NULL
"1199","3106313","1",NULL
"1200","5226136","1",NULL
"1201","6362070","1",NULL
"1202","7173662","1",NULL
"1203","0519493","1",NULL
"1204","5619007","1",NULL
"1205","6551046","1",NULL
"1206","7576590","1",NULL
"1207","2224051","1",NULL
"1208","6172228","1",NULL
"1209","7057576","1",NULL
"1210","4436009","1",NULL
"1211","7793770","1",NULL
"1212","4101598","1",NULL
"1213","3156502","1",NULL
"1214","2181357","1",NULL
"1215","2463578","1",NULL
"1216","2608320","1",NULL
"1217","4410460","1",NULL
"1218","8467335","1",NULL
"1219","7651626","1",NULL
"1220","3484557","1",NULL
"1221","2995486","1",NULL
"1222","1180051","1",NULL
"1223","0541786","1",NULL
"1224","4544032","1",NULL
"1225","6488498","1",NULL
"1226","4463115","1",NULL
"1227","9673268","1",NULL
"1228","8966840","1",NULL
"1229","9467159","1",NULL
"1230","1607312","1",NULL
"1231","3291560","1",NULL
"1232","4128193","1",NULL
"1233","6249340","1",NULL
"1234","9146595","1",NULL
"1235","0437187","1",NULL
"1236","3205536","1",NULL
"1237","9849027","1",NULL
"1238","0466825","1",NULL
"1239","2426633","1",NULL
"1240","3891271","1",NULL
"1241","5763508","1",NULL
"1242","1628794","1",NULL
"1243","8215310","1",NULL
"1244","2678341","1",NULL
"1245","8895544","1",NULL
"1246","5658955","1",NULL
"1247","2097261","1",NULL
"1248","1420870","1",NULL
"1249","4371479","1",NULL
"1250","8877776","1",NULL
"1251","4839372","1",NULL
"1252","7169218","1",NULL
"1253","6250141","1",NULL
"1254","2212475","1",NULL
"1255","6379236","1",NULL
"1256","4854263","1",NULL
"1257","2151479","1",NULL
"1258","4060847","1",NULL
"1259","3593992","1",NULL
"1260","7275583","1",NULL
"1261","8750427","1",NULL
"1262","4496370","1",NULL
"1263","3218217","1",NULL
"1264","5176327","1",NULL
"1265","4979612","1",NULL
"1266","3995870","1",NULL
"1267","4208791","1",NULL
"1268","0509391","1",NULL
"1269","6342391","1",NULL
"1270","2281021","1",NULL
"1271","5595389","1",NULL
"1272","8383453","1",NULL
"1273","8680228","1",NULL
"1274","0205700","1",NULL
"1275","1024013","1",NULL
"1276","8585119","1",NULL
"1277","6071589","1",NULL
"1278","0324087","1",NULL
"1279","4201050","1",NULL
"1280","2427848","1",NULL
"1281","7995677","1",NULL
"1282","1564151","1",NULL
"1283","4224300","1",NULL
"1284","5052576","1",NULL
"1285","6378651","1",NULL
"1286","1454878","1",NULL
"1287","3652669","1",NULL
"1288","4940136","1",NULL
"1289","1050591","1",NULL
"1290","1523377","1",NULL
"1291","3717664","1",NULL
"1292","9716369","1",NULL
"1293","4718651","1",NULL
"1294","5903706","1",NULL
"1295","8885981","1",NULL
"1296","4866767","1",NULL
"1297","7410011","1",NULL
"1298","9064831","1",NULL
"1299","4200291","1",NULL
"1300","6071701","1",NULL
"1301","9750223","1",NULL
"1302","9323821","1",NULL
"1303","4955266","1",NULL
"1304","8970460","1",NULL
"1305","1938363","1",NULL
"1306","3233023","1",NULL
"1307","6739075","1",NULL
"1308","9093054","1",NULL
"1309","4558973","1",NULL
"1310","8542089","1",NULL
"1311","5144174","1",NULL
"1312","4081594","1",NULL
"1313","4742600","1",NULL
"1314","5063340","1",NULL
"1315","9975436","1",NULL
"1316","6357551","1",NULL
"1317","0054537","1",NULL
"1318","4186330","1",NULL
"1319","6051128","1",NULL
"1320","3372829","1",NULL
"1321","5367515","1",NULL
"1322","8672183","1",NULL
"1323","4924623","1",NULL
"1324","5409087","1",NULL
"1325","2692867","1",NULL
"1326","3343162","1",NULL
"1327","0401014","1",NULL
"1328","2829150","1",NULL
"1329","3227145","1",NULL
"1330","8757537","1",NULL
"1331","1225376","1",NULL
"1332","3552091","1",NULL
"1333","6184221","1",NULL
"1334","5092800","1",NULL
"1335","4931932","1",NULL
"1336","6131370","1",NULL
"1337","8582432","1",NULL
"1338","6198578","1",NULL
"1339","8947291","1",NULL
"1340","4460786","1",NULL
"1341","7100665","1",NULL
"1342","0427311","1",NULL
"1343","5599082","1",NULL
"1344","5793927","1",NULL
"1345","9443641","1",NULL
"1346","3624016","1",NULL
"1347","0319235","1",NULL
"1348","0647451","1",NULL
"1349","7301053","1",NULL
"1350","1254592","1",NULL
"1351","6098735","1",NULL
"1352","5422342","1",NULL
"1353","2609571","1",NULL
"1354","1047274","1",NULL
"1355","7106483","1",NULL
"1356","4982864","1",NULL
"1357","4862618","1",NULL
"1358","4615755","1",NULL
"1359","0059266","1",NULL
"1360","0159110","1",NULL
"1361","8114091","1",NULL
"1362","6676542","1",NULL
"1363","8914461","1",NULL
"1364","5245610","1",NULL
"1365","8615392","1",NULL
"1366","1217766","1",NULL
"1367","8826730","1",NULL
"1368","4007427","1",NULL
"1369","2870812","1",NULL
"1370","0184059","1",NULL
"1371","8707851","1",NULL
"1372","9575012","1",NULL
"1373","1117573","1",NULL
"1374","4105549","1",NULL
"1375","8093208","1",NULL
"1376","5427648","1",NULL
"1377","2799434","1",NULL
"1378","3448116","1",NULL
"1379","8649405","1",NULL
"1380","1278837","1",NULL
"1381","8694797","1",NULL
"1382","4641594","1",NULL
"1383","9000388","1",NULL
"1384","1403945","1",NULL
"1385","8923252","1",NULL
"1386","8001472","1",NULL
"1387","4909269","1",NULL
"1388","7410861","1",NULL
"1389","9715872","1",NULL
"1390","0014149","1",NULL
"1391","0686267","1",NULL
"1392","9464816","1",NULL
"1393","9664558","1",NULL
"1394","9215209","1",NULL
"1395","6970364","1",NULL
"1396","1872142","1",NULL
"1397","2002055","1",NULL
"1398","9370612","1",NULL
"1399","9725681","1",NULL
"1400","8859665","1",NULL
"1401","9938471","1",NULL
"1402","4272908","1",NULL
"1403","9004865","1",NULL
"1404","0148245","1",NULL
"1405","4980410","1",NULL
"1406","2374011","1",NULL
"1407","9547591","1",NULL
"1408","5862313","1",NULL
"1409","5516121","1",NULL
"1410","4815192","1",NULL
"1411","3910845","1",NULL
"1412","8029702","1",NULL
"1413","2086294","1",NULL
"1414","9873106","1",NULL
"1415","4726415","1",NULL
"1416","6955570","1",NULL
"1417","6225695","1",NULL
"1418","3805683","1",NULL
"1419","2068484","1",NULL
"1420","5434464","1",NULL
"1421","9460507","1",NULL
"1422","8099924","1",NULL
"1423","7347724","1",NULL
"1424","6292348","1",NULL
"1425","2743107","1",NULL
"1426","4672915","1",NULL
"1427","2213890","1",NULL
"1428","6057097","1",NULL
"1429","2203280","1",NULL
"1430","2315710","1",NULL
"1431","0662278","1",NULL
"1432","7861752","1",NULL
"1433","1348954","1",NULL
"1434","5533277","1",NULL
"1435","2287067","1",NULL
"1436","2551502","1",NULL
"1437","5584123","1",NULL
"1438","3371397","1",NULL
"1439","4317546","1",NULL
"1440","9195632","1",NULL
"1441","7072493","1",NULL
"1442","6793732","1",NULL
"1443","0023416","1",NULL
"1444","1743925","1",NULL
"1445","0766676","1",NULL
"1446","0249395","1",NULL
"1447","5889387","1",NULL
"1448","3475339","1",NULL
"1449","2051356","1",NULL
"1450","1456533","1",NULL
"1451","2549095","1",NULL
"1452","1142204","1",NULL
"1453","0956397","1",NULL
"1454","7992779","1",NULL
"1455","1630036","1",NULL
"1456","8508332","1",NULL
"1457","6368112","1",NULL
"1458","2775407","1",NULL
"1459","7575435","1",NULL
"1460","3471217","1",NULL
"1461","2957182","1",NULL
"1462","6804242","1",NULL
"1463","9931712","1",NULL
"1464","8515600","1",NULL
"1465","6190246","1",NULL
"1466","6664719","1",NULL
"1467","7267567","1",NULL
"1468","1766965","1",NULL
"1469","1816912","1",NULL
"1470","9519266","1",NULL
"1471","2152484","1",NULL
"1472","9242332","1",NULL
"1473","8263341","1",NULL
"1474","8955532","1",NULL
"1475","4303095","1",NULL
"1476","8397353","1",NULL
"1477","9593530","1",NULL
"1478","5413227","1",NULL
"1479","4270189","1",NULL
"1480","2695900","1",NULL
"1481","9978104","1",NULL
"1482","3871607","1",NULL
"1483","3240035","1",NULL
"1484","9587368","1",NULL
"1485","5876757","1",NULL
"1486","8586708","1",NULL
"1487","6271235","1",NULL
"1488","2752990","1",NULL
"1489","1116360","1",NULL
"1490","9988773","1",NULL
"1491","7530402","1",NULL
"1492","7064878","1",NULL
"1493","6169974","1",NULL
"1494","5299991","1",NULL
"1495","2921025","1",NULL
"1496","3379156","1",NULL
"1497","2120112","1",NULL
"1498","1940889","1",NULL
"1499","6565138","1",NULL
"1500","8125034","1",NULL
"1501","8237991","1",NULL
"1502","9967696","1",NULL
"1503","4431748","1",NULL
"1504","2022741","1",NULL
"1505","3812085","1",NULL
"1506","2896387","1",NULL
"1507","6212688","1",NULL
"1508","1270881","1",NULL
"1509","2587156","1",NULL
"1510","5941831","1",NULL
"1511","1899964","1",NULL
"1512","9172660","1",NULL
"1513","5319807","1",NULL
"1514","5718132","1",NULL
"1515","9468740","1",NULL
"1516","3419762","1",NULL
"1517","6229878","1",NULL
"1518","2997453","1",NULL
"1519","7886112","1",NULL
"1520","1477404","1",NULL
"1521","8404539","1",NULL
"1522","9874168","1",NULL
"1523","8942504","1",NULL
"1524","0995759","1",NULL
"1525","4615346","1",NULL
"1526","1106231","1",NULL
"1527","2579490","1",NULL
"1528","6882233","1",NULL
"1529","8281296","1",NULL
"1530","3112620","1",NULL
"1531","1708709","1",NULL
"1532","5406889","1",NULL
"1533","9813712","1",NULL
"1534","9248842","1",NULL
"1535","5394789","1",NULL
"1536","3052410","1",NULL
"1537","2781184","1",NULL
"1538","6949594","1",NULL
"1539","9590639","1",NULL
"1540","8310616","1",NULL
"1541","5809913","1",NULL
"1542","0308459","1",NULL
"1543","6289078","1",NULL
"1544","0585773","1",NULL
"1545","3154561","1",NULL
"1546","5365731","1",NULL
"1547","6924739","1",NULL
"1548","7736322","1",NULL
"1549","5009187","1",NULL
"1550","8538696","1",NULL
"1551","1262207","1",NULL
"1552","9599242","1",NULL
"1553","1053335","1",NULL
"1554","8709563","1",NULL
"1555","6369737","1",NULL
"1556","3239989","1",NULL
"1557","5576372","1",NULL
"1558","7517156","1",NULL
"1559","9831128","1",NULL
"1560","0156868","1",NULL
"1561","2763280","1",NULL
"1562","9860560","1",NULL
"1563","8565466","1",NULL
"1564","9176817","1",NULL
"1565","8549318","1",NULL
"1566","6274789","1",NULL
"1567","9900539","1",NULL
"1568","3369689","1",NULL
"1569","9466944","1",NULL
"1570","0073533","1",NULL
"1571","6796880","1",NULL
"1572","1956763","1",NULL
"1573","4289947","1",NULL
"1574","9292475","1",NULL
"1575","1835789","1",NULL
"1576","8221010","1",NULL
"1577","1142729","1",NULL
"1578","0334031","1",NULL
"1579","5919097","1",NULL
"1580","8105977","1",NULL
"1581","4899727","1",NULL
"1582","3614426","1",NULL
"1583","6726931","1",NULL
"1584","7281402","1",NULL
"1585","7209369","1",NULL
"1586","9664592","1",NULL
"1587","6879083","1",NULL
"1588","7261098","1",NULL
"1589","1482291","1",NULL
"1590","2661149","1",NULL
"1591","1448430","1",NULL
"1592","4919604","1",NULL
"1593","0502902","1",NULL
"1594","9966638","1",NULL
"1595","5235220","1",NULL
"1596","2531920","1",NULL
"1597","1637520","1",NULL
"1598","9047456","1",NULL
"1599","6808658","1",NULL
"1600","5321872","1",NULL
"1601","6758836","1",NULL
"1602","4938687","1",NULL
"1603","9175501","1",NULL
"1604","8054750","1",NULL
"1605","9611123","1",NULL
"1606","3358126","1",NULL
"1607","2132825","1",NULL
"1608","7963825","1",NULL
"1609","7777467","1",NULL
"1610","3755113","1",NULL
"1611","0210500","1",NULL
"1612","9113111","1",NULL
"1613","3589256","1",NULL
"1614","0004317","1",NULL
"1615","9746529","1",NULL
"1616","9460780","1",NULL
"1617","1142792","1",NULL
"1618","5984772","1",NULL
"1619","7334285","1",NULL
"1620","9265182","1",NULL
"1621","1496100","1",NULL
"1622","0453381","1",NULL
"1623","4034443","1",NULL
"1624","7910104","1",NULL
"1625","9492651","1",NULL
"1626","5499790","1",NULL
"1627","1400522","1",NULL
"1628","2933396","1",NULL
"1629","7247174","1",NULL
"1630","4463865","1",NULL
"1631","5580737","1",NULL
"1632","3411943","1",NULL
"1633","8046552","1",NULL
"1634","8163048","1",NULL
"1635","0672951","1",NULL
"1636","1004440","1",NULL
"1637","9654582","1",NULL
"1638","9736337","1",NULL
"1639","5599784","1",NULL
"1640","6128760","1",NULL
"1641","4044121","1",NULL
"1642","9991604","1",NULL
"1643","2923404","1",NULL
"1644","7110997","1",NULL
"1645","8124812","1",NULL
"1646","7390652","1",NULL
"1647","5619183","1",NULL
"1648","7707125","1",NULL
"1649","2378831","1",NULL
"1650","9348486","1",NULL
"1651","3347712","1",NULL
"1652","0294412","1",NULL
"1653","2541983","1",NULL
"1654","0308250","1",NULL
"1655","3989036","1",NULL
"1656","3912543","1",NULL
"1657","4222301","1",NULL
"1658","9662125","1",NULL
"1659","3018426","1",NULL
"1660","4370328","1",NULL
"1661","9932233","1",NULL
"1662","8728353","1",NULL
"1663","0858154","1",NULL
"1664","3544877","1",NULL
"1665","3053495","1",NULL
"1666","7483014","1",NULL
"1667","3024218","1",NULL
"1668","6312583","1",NULL
"1669","2505693","1",NULL
"1670","2587335","1",NULL
"1671","0791769","1",NULL
"1672","4814204","1",NULL
"1673","1800432","1",NULL
"1674","5416839","1",NULL
"1675","0827180","1",NULL
"1676","8748080","1",NULL
"1677","6962814","1",NULL
"1678","1472143","1",NULL
"1679","6917875","1",NULL
"1680","3935184","1",NULL
"1681","1044076","1",NULL
"1682","7961523","1",NULL
"1683","9383256","1",NULL
"1684","0629185","1",NULL
"1685","8440435","1",NULL
"1686","3408755","1",NULL
"1687","8019532","1",NULL
"1688","8264318","1",NULL
"1689","9854487","1",NULL
"1690","4913377","1",NULL
"1691","8726258","1",NULL
"1692","9994833","1",NULL
"1693","0323881","1",NULL
"1694","4786388","1",NULL
"1695","1885695","1",NULL
"1696","8148341","1",NULL
"1697","3603231","1",NULL
"1698","1589303","1",NULL
"1699","4596129","1",NULL
"1700","0882435","1",NULL
"1701","2433207","1",NULL
"1702","3098597","1",NULL
"1703","0437216","1",NULL
"1704","7567829","1",NULL
"1705","0470276","1",NULL
"1706","9819171","1",NULL
"1707","8122577","1",NULL
"1708","3667751","1",NULL
"1709","1555072","1",NULL
"1710","5134388","1",NULL
"1711","1043091","1",NULL
"1712","0387563","1",NULL
"1713","1919965","1",NULL
"1714","4826303","1",NULL
"1715","8568559","1",NULL
"1716","1745580","1",NULL
"1717","6273112","1",NULL
"1718","3005261","1",NULL
"1719","4643711","1",NULL
"1720","9124960","1",NULL
"1721","2689558","1",NULL
"1722","9056388","1",NULL
"1723","6256771","1",NULL
"1724","8582839","1",NULL
"1725","0574326","1",NULL
"1726","4665031","1",NULL
"1727","7029031","1",NULL
"1728","2596507","1",NULL
"1729","4673502","1",NULL
"1730","4751088","1",NULL
"1731","4290804","1",NULL
"1732","2900975","1",NULL
"1733","5357220","1",NULL
"1734","0426464","1",NULL
"1735","5942192","1",NULL
"1736","6620210","1",NULL
"1737","5251661","1",NULL
"1738","5324640","1",NULL
"1739","3881987","1",NULL
"1740","2688822","1",NULL
"1741","7217458","1",NULL
"1742","4441470","1",NULL
"1743","6054368","1",NULL
"1744","7713524","1",NULL
"1745","6050944","1",NULL
"1746","0072973","1",NULL
"1747","9273664","1",NULL
"1748","7079269","1",NULL
"1749","0707122","1",NULL
"1750","1998574","1",NULL
"1751","8859863","1",NULL
"1752","0587523","1",NULL
"1753","9161378","1",NULL
"1754","3304176","1",NULL
"1755","3373722","1",NULL
"1756","7471585","1",NULL
"1757","4793212","1",NULL
"1758","8712530","1",NULL
"1759","8684667","1",NULL
"1760","7959758","1",NULL
"1761","7130807","1",NULL
"1762","8359194","1",NULL
"1763","5743667","1",NULL
"1764","7188950","1",NULL
"1765","3592584","1",NULL
"1766","6804768","1",NULL
"1767","2265956","1",NULL
"1768","1473477","1",NULL
"1769","8750704","1",NULL
"1770","9492129","1",NULL
"1771","3519751","1",NULL
"1772","6259333","1",NULL
"1773","8381077","1",NULL
"1774","8999312","1",NULL
"1775","7503218","1",NULL
"1776","4705060","1",NULL
"1777","9249762","1",NULL
"1778","0448719","1",NULL
"1779","4603641","1",NULL
"1780","0394820","1",NULL
"1781","0234766","1",NULL
"1782","2455766","1",NULL
"1783","2289135","1",NULL
"1784","3604806","1",NULL
"1785","1505907","1",NULL
"1786","2577283","1",NULL
"1787","6195360","1",NULL
"1788","3270353","1",NULL
"1789","6063930","1",NULL
"1790","1182633","1",NULL
"1791","3857438","1",NULL
"1792","8295743","1",NULL
"1793","6952613","1",NULL
"1794","1353593","1",NULL
"1795","0372139","1",NULL
"1796","0027091","1",NULL
"1797","0464215","1",NULL
"1798","6054163","1",NULL
"1799","5735161","1",NULL
"1800","8820150","1",NULL
"1801","1089085","1",NULL
"1802","5388763","1",NULL
"1803","9759122","1",NULL
"1804","5047193","1",NULL
"1805","9937102","1",NULL
"1806","4463378","1",NULL
"1807","9655023","1",NULL
"1808","4645589","1",NULL
"1809","8951366","1",NULL
"1810","7981358","1",NULL
"1811","0846590","1",NULL
"1812","4759703","1",NULL
"1813","7046340","1",NULL
"1814","5838109","1",NULL
"1815","8296196","1",NULL
"1816","5503274","1",NULL
"1817","3864259","1",NULL
"1818","0469618","1",NULL
"1819","3048354","1",NULL
"1820","6638379","1",NULL
"1821","0362153","1",NULL
"1822","9369758","1",NULL
"1823","9095540","1",NULL
"1824","4822335","1",NULL
"1825","7663254","1",NULL
"1826","2319426","1",NULL
"1827","1669982","1",NULL
"1828","9083751","1",NULL
"1829","6811921","1",NULL
"1830","6781481","1",NULL
"1831","2613807","1",NULL
"1832","7475992","1",NULL
"1833","7334923","1",NULL
"1834","2654333","1",NULL
"1835","0224650","1",NULL
"1836","0920587","1",NULL
"1837","6579237","1",NULL
"1838","7229813","1",NULL
"1839","6704437","1",NULL
"1840","7944889","1",NULL
"1841","4143607","1",NULL
"1842","8634725","1",NULL
"1843","4223286","1",NULL
"1844","8205299","1",NULL
"1845","8934433","1",NULL
"1846","4582995","1",NULL
"1847","0333894","1",NULL
"1848","1498631","1",NULL
"1849","4401277","1",NULL
"1850","9071689","1",NULL
"1851","6728187","1",NULL
"1852","6047929","1",NULL
"1853","9325865","1",NULL
"1854","0610683","1",NULL
"1855","0948249","1",NULL
"1856","6817675","1",NULL
"1857","6525488","1",NULL
"1858","3197115","1",NULL
"1859","4401780","1",NULL
"1860","5186027","1",NULL
"1861","9539936","1",NULL
"1862","3520869","1",NULL
"1863","7742322","1",NULL
"1864","8008415","1",NULL
"1865","2391018","1",NULL
"1866","3041938","1",NULL
"1867","5974422","1",NULL
"1868","6850901","1",NULL
"1869","3726441","1",NULL
"1870","4470129","1",NULL
"1871","7822099","1",NULL
"1872","0381949","1",NULL
"1873","6073678","1",NULL
"1874","9809626","1",NULL
"1875","5498419","1",NULL
"1876","9300018","1",NULL
"1877","1282022","1",NULL
"1878","3191853","1",NULL
"1879","7711428","1",NULL
"1880","7432656","1",NULL
"1881","5801586","1",NULL
"1882","2091189","1",NULL
"1883","8907625","1",NULL
"1884","7886321","1",NULL
"1885","2871610","1",NULL
"1886","8747486","1",NULL
"1887","8689521","1",NULL
"1888","0703146","1",NULL
"1889","3142577","1",NULL
"1890","8063414","1",NULL
"1891","8298810","1",NULL
"1892","1423588","1",NULL
"1893","3018748","1",NULL
"1894","4961320","1",NULL
"1895","3412607","1",NULL
"1896","3748722","1",NULL
"1897","2544037","1",NULL
"1898","4346078","1",NULL
"1899","1712564","1",NULL
"1900","5087382","1",NULL
"1901","4966303","1",NULL
"1902","7299740","1",NULL
"1903","5265258","1",NULL
"1904","6161807","1",NULL
"1905","6291742","1",NULL
"1906","7903707","1",NULL
"1907","1897495","1",NULL
"1908","3076783","1",NULL
"1909","9341512","1",NULL
"1910","4761913","1",NULL
"1911","2123186","1",NULL
"1912","2984576","1",NULL
"1913","2342593","1",NULL
"1914","3298252","1",NULL
"1915","3389026","1",NULL
"1916","1677917","1",NULL
"1917","0160440","1",NULL
"1918","1646731","1",NULL
"1919","9462072","1",NULL
"1920","3747492","1",NULL
"1921","2231969","1",NULL
"1922","2633139","1",NULL
"1923","3406751","1",NULL
"1924","2251994","1",NULL
"1925","5991597","1",NULL
"1926","6039077","1",NULL
"1927","7482765","1",NULL
"1928","4026470","1",NULL
"1929","5677324","1",NULL
"1930","5398558","1",NULL
"1931","1042364","1",NULL
"1932","1560129","1",NULL
"1933","9782092","1",NULL
"1934","3515054","1",NULL
"1935","9445446","1",NULL
"1936","7881819","1",NULL
"1937","7500932","1",NULL
"1938","5193064","1",NULL
"1939","0682735","1",NULL
"1940","4021594","1",NULL
"1941","0087630","1",NULL
"1942","3624059","1",NULL
"1943","5456767","1",NULL
"1944","8056652","1",NULL
"1945","1505918","1",NULL
"1946","5170460","1",NULL
"1947","1236520","1",NULL
"1948","5390174","1",NULL
"1949","0983180","1",NULL
"1950","0921935","1",NULL
"1951","1067073","1",NULL
"1952","9032068","1",NULL
"1953","6374814","1",NULL
"1954","5340071","1",NULL
"1955","8118375","1",NULL
"1956","7149316","1",NULL
"1957","7198791","1",NULL
"1958","2454255","1",NULL
"1959","6161507","1",NULL
"1960","2446842","1",NULL
"1961","7882696","1",NULL
"1962","3279326","1",NULL
"1963","3909563","1",NULL
"1964","9293806","1",NULL
"1965","4663842","1",NULL
"1966","6093862","1",NULL
"1967","5583421","1",NULL
"1968","8995233","1",NULL
"1969","0326311","1",NULL
"1970","4829861","1",NULL
"1971","8193779","1",NULL
"1972","9453056","1",NULL
"1973","1994882","1",NULL
"1974","4907746","1",NULL
"1975","4942936","1",NULL
"1976","1946204","1",NULL
"1977","7148816","1",NULL
"1978","9656075","1",NULL
"1979","0302386","1",NULL
"1980","5325924","1",NULL
"1981","8738206","1",NULL
"1982","3278120","1",NULL
"1983","8127145","1",NULL
"1984","8113175","1",NULL
"1985","0576383","1",NULL
"1986","3552357","1",NULL
"1987","9268288","1",NULL
"1988","3831243","1",NULL
"1989","6949292","1",NULL
"1990","1259690","1",NULL
"1991","4198721","1",NULL
"1992","3434527","1",NULL
"1993","7752405","1",NULL
"1994","4653684","1",NULL
"1995","5085800","1",NULL
"1996","3347561","1",NULL
"1997","3992020","1",NULL
"1998","7755244","1",NULL
"1999","2254767","1",NULL
"2000","2196015","1",NULL
"2001","6565837","1",NULL
"2002","5782341","1",NULL
"2003","4078610","1",NULL
"2004","4612152","1",NULL
"2005","0351291","1",NULL
"2006","3473076","1",NULL
"2007","4531458","1",NULL
"2008","3218005","1",NULL
"2009","0463292","1",NULL
"2010","5830602","1",NULL
"2011","6806211","1",NULL
"2012","9912005","1",NULL
"2013","1023171","1",NULL
"2014","2292187","1",NULL
"2015","6663172","1",NULL
"2016","9302821","1",NULL
"2017","5724714","1",NULL
"2018","6879114","1",NULL
"2019","9892738","1",NULL
"2020","4221273","1",NULL
"2021","2178795","1",NULL
"2022","5517245","1",NULL
"2023","8968841","1",NULL
"2024","3511958","1",NULL
"2025","2054323","1",NULL
"2026","4333926","1",NULL
"2027","6243793","1",NULL
"2028","7913353","1",NULL
"2029","4376792","1",NULL
"2030","9772690","1",NULL
"2031","0564913","1",NULL
"2032","2769621","1",NULL
"2033","7133974","1",NULL
"2034","6665117","1",NULL
"2035","7195286","1",NULL
"2036","0128309","1",NULL
"2037","1839309","1",NULL
"2038","7864280","1",NULL
"2039","8998187","1",NULL
"2040","1619979","1",NULL
"2041","0404255","1",NULL
"2042","8935712","1",NULL
"2043","7286948","1",NULL
"2044","7973595","1",NULL
"2045","3114812","1",NULL
"2046","9294339","1",NULL
"2047","3915107","1",NULL
"2048","0407518","1",NULL
"2049","6055739","1",NULL
"2050","9456972","1",NULL
"2051","0095509","1",NULL
"2052","4615184","1",NULL
"2053","7821336","1",NULL
"2054","4421895","1",NULL
"2055","0956618","1",NULL
"2056","1152069","1",NULL
"2057","5838983","1",NULL
"2058","3913158","1",NULL
"2059","3649741","1",NULL
"2060","2728443","1",NULL
"2061","1783505","1",NULL
"2062","2540755","1",NULL
"2063","4606205","1",NULL
"2064","0738769","1",NULL
"2065","5219472","1",NULL
"2066","6695446","1",NULL
"2067","2776846","1",NULL
"2068","7134886","1",NULL
"2069","8145357","1",NULL
"2070","0446745","1",NULL
"2071","7217141","1",NULL
"2072","7588646","1",NULL
"2073","7991281","1",NULL
"2074","6532618","1",NULL
"2075","1087426","1",NULL
"2076","5276660","1",NULL
"2077","1635816","1",NULL
"2078","5518026","1",NULL
"2079","9205444","1",NULL
"2080","1323068","1",NULL
"2081","4991374","1",NULL
"2082","9432140","1",NULL
"2083","3155601","1",NULL
"2084","9013772","1",NULL
"2085","0994805","1",NULL
"2086","3272099","1",NULL
"2087","2787645","1",NULL
"2088","0157791","1",NULL
"2089","4605044","1",NULL
"2090","5612365","1",NULL
"2091","3959611","1",NULL
"2092","7125061","1",NULL
"2093","9139860","1",NULL
"2094","5074467","1",NULL
"2095","3194435","1",NULL
"2096","2732973","1",NULL
"2097","4633675","1",NULL
"2098","6913989","1",NULL
"2099","1940156","1",NULL
"2100","1558693","1",NULL
"2101","2828641","1",NULL
"2102","3725563","1",NULL
"2103","8233523","1",NULL
"2104","9209648","1",NULL
"2105","6534079","1",NULL
"2106","9254837","1",NULL
"2107","7702016","1",NULL
"2108","2856598","1",NULL
"2109","3651048","1",NULL
"2110","2952311","1",NULL
"2111","9643433","1",NULL
"2112","2520493","1",NULL
"2113","7810761","1",NULL
"2114","8717273","1",NULL
"2115","5029385","1",NULL
"2116","4323850","1",NULL
"2117","2351912","1",NULL
"2118","5869099","1",NULL
"2119","6513391","1",NULL
"2120","0672728","1",NULL
"2121","3611220","1",NULL
"2122","9620450","1",NULL
"2123","7780954","1",NULL
"2124","8988200","1",NULL
"2125","7421344","1",NULL
"2126","8542352","1",NULL
"2127","3226655","1",NULL
"2128","8135032","1",NULL
"2129","0589657","1",NULL
"2130","3618902","1",NULL
"2131","4946214","1",NULL
"2132","3649531","1",NULL
"2133","9378364","1",NULL
"2134","5994042","1",NULL
"2135","0483549","1",NULL
"2136","7251692","1",NULL
"2137","6891977","1",NULL
"2138","0697839","1",NULL
"2139","4352114","1",NULL
"2140","2159466","1",NULL
"2141","2119513","1",NULL
"2142","6585679","1",NULL
"2143","0117003","1",NULL
"2144","5487129","1",NULL
"2145","6825037","1",NULL
"2146","2470688","1",NULL
"2147","3042422","1",NULL
"2148","6722311","1",NULL
"2149","3165841","1",NULL
"2150","8962396","1",NULL
"2151","8633905","1",NULL
"2152","2297476","1",NULL
"2153","7645522","1",NULL
"2154","9448504","1",NULL
"2155","0087963","1",NULL
"2156","1811457","1",NULL
"2157","2454919","1",NULL
"2158","8193589","1",NULL
"2159","6089732","1",NULL
"2160","5953872","1",NULL
"2161","6086941","1",NULL
"2162","5187026","1",NULL
"2163","2770783","1",NULL
"2164","6725124","1",NULL
"2165","4753906","1",NULL
"2166","1489098","1",NULL
"2167","0470634","1",NULL
"2168","2034682","1",NULL
"2169","5171378","1",NULL
"2170","8533318","1",NULL
"2171","7677814","1",NULL
"2172","1970951","1",NULL
"2173","3237996","1",NULL
"2174","1781512","1",NULL
"2175","5169150","1",NULL
"2176","0725375","1",NULL
"2177","4201860","1",NULL
"2178","9535638","1",NULL
"2179","6292551","1",NULL
"2180","5281437","1",NULL
"2181","4778908","1",NULL
"2182","2883566","1",NULL
"2183","1823099","1",NULL
"2184","6842613","1",NULL
"2185","0695057","1",NULL
"2186","6109760","1",NULL
"2187","5449226","1",NULL
"2188","3862246","1",NULL
"2189","6189852","1",NULL
"2190","8279072","1",NULL
"2191","6744886","1",NULL
"2192","6434377","1",NULL
"2193","3588140","1",NULL
"2194","6038960","1",NULL
"2195","1600921","1",NULL
"2196","0264063","1",NULL
"2197","7050442","1",NULL
"2198","0453102","1",NULL
"2199","1817547","1",NULL
"2200","4944979","1",NULL
"2201","4121821","1",NULL
"2202","4739710","1",NULL
"2203","9222026","1",NULL
"2204","5227727","1",NULL
"2205","8169393","1",NULL
"2206","9936331","1",NULL
"2207","0967185","1",NULL
"2208","6697616","1",NULL
"2209","8213505","1",NULL
"2210","2849376","1",NULL
"2211","2830978","1",NULL
"2212","3005465","1",NULL
"2213","4831698","1",NULL
"2214","1380828","1",NULL
"2215","3700400","1",NULL
"2216","7021259","1",NULL
"2217","3050239","1",NULL
"2218","9242961","1",NULL
"2219","6985281","1",NULL
"2220","9580570","1",NULL
"2221","6436032","1",NULL
"2222","2348960","1",NULL
"2223","8255925","1",NULL
"2224","8378456","1",NULL
"2225","5736521","1",NULL
"2226","9704991","1",NULL
"2227","8444623","1",NULL
"2228","5337694","1",NULL
"2229","7892154","1",NULL
"2230","5671044","1",NULL
"2231","9552174","1",NULL
"2232","5843311","1",NULL
"2233","5613051","1",NULL
"2234","6667044","1",NULL
"2235","5151628","1",NULL
"2236","5287779","1",NULL
"2237","3633920","1",NULL
"2238","2941005","1",NULL
"2239","6567975","1",NULL
"2240","0093511","1",NULL
"2241","3473394","1",NULL
"2242","3637308","1",NULL
"2243","6772713","1",NULL
"2244","5993192","1",NULL
"2245","0466537","1",NULL
"2246","4340085","1",NULL
"2247","3492374","1",NULL
"2248","8481810","1",NULL
"2249","2546195","1",NULL
"2250","0947458","1",NULL
"2251","8256054","1",NULL
"2252","9666568","1",NULL
"2253","7512812","1",NULL
"2254","3856381","1",NULL
"2255","5834156","1",NULL
"2256","1561287","1",NULL
"2257","9697828","1",NULL
"2258","9703034","1",NULL
"2259","9028183","1",NULL
"2260","7591934","1",NULL
"2261","8841513","1",NULL
"2262","7317112","1",NULL
"2263","2563090","1",NULL
"2264","4978031","1",NULL
"2265","6439626","1",NULL
"2266","4317254","1",NULL
"2267","0074763","1",NULL
"2268","3635960","1",NULL
"2269","7118921","1",NULL
"2270","8421979","1",NULL
"2271","4561031","1",NULL
"2272","4160005","1",NULL
"2273","9814429","1",NULL
"2274","5384555","1",NULL
"2275","5204699","1",NULL
"2276","8233828","1",NULL
"2277","9467823","1",NULL
"2278","5390477","1",NULL
"2279","1112429","1",NULL
"2280","2400327","1",NULL
"2281","2979479","1",NULL
"2282","0343151","1",NULL
"2283","1109121","1",NULL
"2284","2906972","1",NULL
"2285","4481039","1",NULL
"2286","1246748","1",NULL
"2287","2972768","1",NULL
"2288","9193876","1",NULL
"2289","8016331","1",NULL
"2290","1656994","1",NULL
"2291","2185280","1",NULL
"2292","4291404","1",NULL
"2293","4079203","1",NULL
"2294","9055562","1",NULL
"2295","7796850","1",NULL
"2296","0852962","1",NULL
"2297","3307694","1",NULL
"2298","1654262","1",NULL
"2299","3919983","1",NULL
"2300","7762365","1",NULL
"2301","5099109","1",NULL
"2302","9491139","1",NULL
"2303","9589809","1",NULL
"2304","6069109","1",NULL
"2305","9357053","1",NULL
"2306","2462498","1",NULL
"2307","2368177","1",NULL
"2308","9752133","1",NULL
"2309","7461133","1",NULL
"2310","1755152","1",NULL
"2311","9023333","1",NULL
"2312","9300799","1",NULL
"2313","9349895","1",NULL
"2314","8417741","1",NULL
"2315","5125971","1",NULL
"2316","4316238","1",NULL
"2317","8526936","1",NULL
"2318","4279644","1",NULL
"2319","5605052","1",NULL
"2320","5988389","1",NULL
"2321","0454250","1",NULL
"2322","3079585","1",NULL
"2323","1117532","1",NULL
"2324","5760884","1",NULL
"2325","3516259","1",NULL
"2326","5651987","1",NULL
"2327","1867985","1",NULL
"2328","0645808","1",NULL
"2329","3386820","1",NULL
"2330","0967136","1",NULL
"2331","8260216","1",NULL
"2332","0661531","1",NULL
"2333","9097703","1",NULL
"2334","7710798","1",NULL
"2335","9886529","1",NULL
"2336","9572419","1",NULL
"2337","6425775","1",NULL
"2338","0116388","1",NULL
"2339","4952253","1",NULL
"2340","3511594","1",NULL
"2341","4614692","1",NULL
"2342","0483944","1",NULL
"2343","5709329","1",NULL
"2344","8489571","1",NULL
"2345","4899496","1",NULL
"2346","4053495","1",NULL
"2347","9215658","1",NULL
"2348","0015387","1",NULL
"2349","0803067","1",NULL
"2350","7418132","1",NULL
"2351","5483885","1",NULL
"2352","1580108","1",NULL
"2353","4156173","1",NULL
"2354","1037703","1",NULL
"2355","9814580","1",NULL
"2356","7360743","1",NULL
"2357","2343368","1",NULL
"2358","7668701","1",NULL
"2359","8481712","1",NULL
"2360","2988513","1",NULL
"2361","6941018","1",NULL
"2362","8855677","1",NULL
"2363","5054294","1",NULL
"2364","6367633","1",NULL
"2365","6971379","1",NULL
"2366","3420133","1",NULL
"2367","1891048","1",NULL
"2368","2898285","1",NULL
"2369","2549891","1",NULL
"2370","8604447","1",NULL
"2371","9227785","1",NULL
"2372","1142687","1",NULL
"2373","1255720","1",NULL
"2374","9950526","1",NULL
"2375","9453662","1",NULL
"2376","3882081","1",NULL
"2377","3471776","1",NULL
"2378","7057061","1",NULL
"2379","2148946","1",NULL
"2380","4953798","1",NULL
"2381","8930507","1",NULL
"2382","2853918","1",NULL
"2383","0445591","1",NULL
"2384","7829568","1",NULL
"2385","5844820","1",NULL
"2386","8408997","1",NULL
"2387","1005901","1",NULL
"2388","7494319","1",NULL
"2389","0386044","1",NULL
"2390","0751198","1",NULL
"2391","4843878","1",NULL
"2392","0798505","1",NULL
"2393","1136588","1",NULL
"2394","0611334","1",NULL
"2395","5606519","1",NULL
"2396","0936368","1",NULL
"2397","0524999","1",NULL
"2398","1393385","1",NULL
"2399","8591332","1",NULL
"2400","7850426","1",NULL
"2401","3818781","1",NULL
"2402","1051384","1",NULL
"2403","1418023","1",NULL
"2404","8692339","1",NULL
"2405","3206683","1",NULL
"2406","3285548","1",NULL
"2407","4939178","1",NULL
"2408","6084509","1",NULL
"2409","3216795","1",NULL
"2410","8530883","1",NULL
"2411","0594733","1",NULL
"2412","7246434","1",NULL
"2413","6704028","1",NULL
"2414","6211206","1",NULL
"2415","8773747","1",NULL
"2416","8952282","1",NULL
"2417","1680847","1",NULL
"2418","7376531","1",NULL
"2419","9675711","1",NULL
"2420","5430479","1",NULL
"2421","9466971","1",NULL
"2422","8278895","1",NULL
"2423","5119432","1",NULL
"2424","1713559","1",NULL
"2425","5194449","1",NULL
"2426","6792601","1",NULL
"2427","1622891","1",NULL
"2428","1566299","1",NULL
"2429","0606498","1",NULL
"2430","5551459","1",NULL
"2431","4874501","1",NULL
"2432","1718438","1",NULL
"2433","5197607","1",NULL
"2434","5132172","1",NULL
"2435","7973426","1",NULL
"2436","4147964","1",NULL
"2437","4682189","1",NULL
"2438","7848545","1",NULL
"2439","2702079","1",NULL
"2440","2208611","1",NULL
"2441","7995005","1",NULL
"2442","6884239","1",NULL
"2443","2242528","1",NULL
"2444","6244310","1",NULL
"2445","9616410","1",NULL
"2446","2761607","1",NULL
"2447","5603271","1",NULL
"2448","0839954","1",NULL
"2449","4134984","1",NULL
"2450","6086137","1",NULL
"2451","2783454","1",NULL
"2452","5535540","1",NULL
"2453","0736537","1",NULL
"2454","1422837","1",NULL
"2455","0382819","1",NULL
"2456","1425915","1",NULL
"2457","6970946","1",NULL
"2458","5065239","1",NULL
"2459","9419094","1",NULL
"2460","0355392","1",NULL
"2461","7079905","1",NULL
"2462","4727849","1",NULL
"2463","9686126","1",NULL
"2464","9387166","1",NULL
"2465","2102894","1",NULL
"2466","7138631","1",NULL
"2467","4095760","1",NULL
"2468","8028552","1",NULL
"2469","4938318","1",NULL
"2470","7342292","1",NULL
"2471","3529109","1",NULL
"2472","3267179","1",NULL
"2473","2192565","1",NULL
"2474","5490971","1",NULL
"2475","3677026","1",NULL
"2476","7057292","1",NULL
"2477","3001065","1",NULL
"2478","7453481","1",NULL
"2479","2340124","1",NULL
"2480","7236687","1",NULL
"2481","8911719","1",NULL
"2482","2680657","1",NULL
"2483","1021275","1",NULL
"2484","6379254","1",NULL
"2485","1472115","1",NULL
"2486","7238274","1",NULL
"2487","8041399","1",NULL
"2488","4911500","1",NULL
"2489","2642269","1",NULL
"2490","2328890","1",NULL
"2491","6161129","1",NULL
"2492","4514328","1",NULL
"2493","4936109","1",NULL
"2494","6975238","1",NULL
"2495","2581433","1",NULL
"2496","8369728","1",NULL
"2497","6713298","1",NULL
"2498","3945026","1",NULL
"2499","5961974","1",NULL
"2500","9902045","1",NULL
"2501","8975647","1",NULL
"2502","7214459","1",NULL
"2503","9762739","1",NULL
"2504","2155953","1",NULL
"2505","8172446","1",NULL
"2506","3146623","1",NULL
"2507","5433730","1",NULL
"2508","8960629","1",NULL
"2509","4000350","1",NULL
"2510","8275792","1",NULL
"2511","7539006","1",NULL
"2512","1320978","1",NULL
"2513","8257725","1",NULL
"2514","3096722","1",NULL
"2515","3725727","1",NULL
"2516","5424757","1",NULL
"2517","5625433","1",NULL
"2518","0958117","1",NULL
"2519","9733830","1",NULL
"2520","8057816","1",NULL
"2521","9750522","1",NULL
"2522","2256289","1",NULL
"2523","6451229","1",NULL
"2524","9317824","1",NULL
"2525","7866082","1",NULL
"2526","3468309","1",NULL
"2527","6776996","1",NULL
"2528","2511873","1",NULL
"2529","2922117","1",NULL
"2530","1809050","1",NULL
"2531","9331498","1",NULL
"2532","8632892","1",NULL
"2533","1188339","1",NULL
"2534","0836618","1",NULL
"2535","7680031","1",NULL
"2536","9068964","1",NULL
"2537","0440247","1",NULL
"2538","1862359","1",NULL
"2539","2861761","1",NULL
"2540","4483451","1",NULL
"2541","8298423","1",NULL
"2542","6387665","1",NULL
"2543","3167040","1",NULL
"2544","0680107","1",NULL
"2545","9347383","1",NULL
"2546","3022718","1",NULL
"2547","9489512","1",NULL
"2548","7233596","1",NULL
"2549","5990080","1",NULL
"2550","4604407","1",NULL
"2551","0824709","1",NULL
"2552","4342487","1",NULL
"2553","6584010","1",NULL
"2554","2730800","1",NULL
"2555","9889517","1",NULL
"2556","3430613","1",NULL
"2557","9783664","1",NULL
"2558","2092486","1",NULL
"2559","8419573","1",NULL
"2560","1036796","1",NULL
"2561","7170432","1",NULL
"2562","1290015","1",NULL
"2563","2593086","1",NULL
"2564","0682588","1",NULL
"2565","3321184","1",NULL
"2566","5300916","1",NULL
"2567","2775192","1",NULL
"2568","6275577","1",NULL
"2569","9404931","1",NULL
"2570","2948950","1",NULL
"2571","1340213","1",NULL
"2572","6022365","1",NULL
"2573","8534750","1",NULL
"2574","1348442","1",NULL
"2575","3013903","1",NULL
"2576","5382216","1",NULL
"2577","8918960","1",NULL
"2578","5595512","1",NULL
"2579","9245049","1",NULL
"2580","5331563","1",NULL
"2581","5771937","1",NULL
"2582","5762671","1",NULL
"2583","6841175","1",NULL
"2584","4267556","1",NULL
"2585","1350836","1",NULL
"2586","4486701","1",NULL
"2587","9101827","1",NULL
"2588","5216681","1",NULL
"2589","1886634","1",NULL
"2590","3351979","1",NULL
"2591","7576100","1",NULL
"2592","5245604","1",NULL
"2593","8008247","1",NULL
"2594","9264587","1",NULL
"2595","2360081","1",NULL
"2596","3045266","1",NULL
"2597","5537405","1",NULL
"2598","7479451","1",NULL
"2599","0666679","1",NULL
"2600","0608403","1",NULL
"2601","1231150","1",NULL
"2602","6499716","1",NULL
"2603","8347765","1",NULL
"2604","0269110","1",NULL
"2605","0916164","1",NULL
"2606","6737601","1",NULL
"2607","8670571","1",NULL
"2608","8384891","1",NULL
"2609","2792836","1",NULL
"2610","6424293","1",NULL
"2611","4597228","1",NULL
"2612","8976125","1",NULL
"2613","7589367","1",NULL
"2614","6223344","1",NULL
"2615","9071103","1",NULL
"2616","2592408","1",NULL
"2617","0392448","1",NULL
"2618","2240330","1",NULL
"2619","6689412","1",NULL
"2620","7100614","1",NULL
"2621","9105588","1",NULL
"2622","8122199","1",NULL
"2623","4394874","1",NULL
"2624","0916581","1",NULL
"2625","7552461","1",NULL
"2626","3770759","1",NULL
"2627","2258537","1",NULL
"2628","0310018","1",NULL
"2629","7260839","1",NULL
"2630","1362873","1",NULL
"2631","0763923","1",NULL
"2632","3017030","1",NULL
"2633","3285337","1",NULL
"2634","6664450","1",NULL
"2635","7345911","1",NULL
"2636","3464572","1",NULL
"2637","7875222","1",NULL
"2638","4884438","1",NULL
"2639","4431916","1",NULL
"2640","5804690","1",NULL
"2641","7750423","1",NULL
"2642","5423408","1",NULL
"2643","8788092","1",NULL
"2644","9558684","1",NULL
"2645","4360659","1",NULL
"2646","2256717","1",NULL
"2647","8091264","1",NULL
"2648","0123193","1",NULL
"2649","8436300","1",NULL
"2650","4458054","1",NULL
"2651","0709849","1",NULL
"2652","4747117","1",NULL
"2653","8983659","1",NULL
"2654","4521561","1",NULL
"2655","5600539","1",NULL
"2656","5874031","1",NULL
"2657","1107761","1",NULL
"2658","7797748","1",NULL
"2659","4450133","1",NULL
"2660","1669688","1",NULL
"2661","1307807","1",NULL
"2662","0683071","1",NULL
"2663","8552670","1",NULL
"2664","1901576","1",NULL
"2665","0049880","1",NULL
"2666","8182063","1",NULL
"2667","5094476","1",NULL
"2668","5592551","1",NULL
"2669","1213761","1",NULL
"2670","8833439","1",NULL
"2671","8466875","1",NULL
"2672","9352662","1",NULL
"2673","6039283","1",NULL
"2674","3029755","1",NULL
"2675","5985541","1",NULL
"2676","7317766","1",NULL
"2677","6289336","1",NULL
"2678","1955297","1",NULL
"2679","4948838","1",NULL
"2680","6800336","1",NULL
"2681","4742602","1",NULL
"2682","1266836","1",NULL
"2683","1948380","1",NULL
"2684","1277047","1",NULL
"2685","3236514","1",NULL
"2686","1284558","1",NULL
"2687","2909668","1",NULL
"2688","5234968","1",NULL
"2689","9943961","1",NULL
"2690","1673192","1",NULL
"2691","6179703","1",NULL
"2692","3109081","1",NULL
"2693","0454403","1",NULL
"2694","4889182","1",NULL
"2695","4382447","1",NULL
"2696","7819794","1",NULL
"2697","6571747","1",NULL
"2698","0706208","1",NULL
"2699","9139831","1",NULL
"2700","2374435","1",NULL
"2701","7136366","1",NULL
"2702","8186618","1",NULL
"2703","9621349","1",NULL
"2704","6662562","1",NULL
"2705","7494042","1",NULL
"2706","4234676","1",NULL
"2707","0345996","1",NULL
"2708","1940722","1",NULL
"2709","5567330","1",NULL
"2710","8923061","1",NULL
"2711","8990074","1",NULL
"2712","5409467","1",NULL
"2713","0158807","1",NULL
"2714","0027120","1",NULL
"2715","6707381","1",NULL
"2716","5356215","1",NULL
"2717","4867733","1",NULL
"2718","7348196","1",NULL
"2719","9323586","1",NULL
"2720","0909094","1",NULL
"2721","0013001","1",NULL
"2722","6552387","1",NULL
"2723","7753097","1",NULL
"2724","0964374","1",NULL
"2725","7174288","1",NULL
"2726","2678970","1",NULL
"2727","8310295","1",NULL
"2728","8926050","1",NULL
"2729","1533323","1",NULL
"2730","1294430","1",NULL
"2731","2463351","1",NULL
"2732","5326332","1",NULL
"2733","2904608","1",NULL
"2734","8135763","1",NULL
"2735","0905412","1",NULL
"2736","8382447","1",NULL
"2737","2778318","1",NULL
"2738","0702789","1",NULL
"2739","2983185","1",NULL
"2740","3947655","1",NULL
"2741","0229914","1",NULL
"2742","8637512","1",NULL
"2743","7108561","1",NULL
"2744","2757194","1",NULL
"2745","8202953","1",NULL
"2746","3736591","1",NULL
"2747","0250108","1",NULL
"2748","5707033","1",NULL
"2749","4968080","1",NULL
"2750","8635868","1",NULL
"2751","2058757","1",NULL
"2752","4263605","1",NULL
"2753","4999712","1",NULL
"2754","4324265","1",NULL
"2755","2856865","1",NULL
"2756","8090148","1",NULL
"2757","3386603","1",NULL
"2758","9496590","1",NULL
"2759","0911745","1",NULL
"2760","0460475","1",NULL
"2761","8853292","1",NULL
"2762","4251974","1",NULL
"2763","0504246","1",NULL
"2764","8318271","1",NULL
"2765","6938866","1",NULL
"2766","8927403","1",NULL
"2767","3660556","1",NULL
"2768","6046694","1",NULL
"2769","1328180","1",NULL
"2770","5312386","1",NULL
"2771","5292174","1",NULL
"2772","0733967","1",NULL
"2773","1402355","1",NULL
"2774","7744555","1",NULL
"2775","8155684","1",NULL
"2776","8935487","1",NULL
"2777","3395160","1",NULL
"2778","4879712","1",NULL
"2779","3466018","1",NULL
"2780","1201510","1",NULL
"2781","9048829","1",NULL
"2782","7928870","1",NULL
"2783","9888162","1",NULL
"2784","7536431","1",NULL
"2785","5437487","1",NULL
"2786","2450526","1",NULL
"2787","3774058","1",NULL
"2788","3338963","1",NULL
"2789","9293317","1",NULL
"2790","0517202","1",NULL
"2791","9023975","1",NULL
"2792","3415048","1",NULL
"2793","5315892","1",NULL
"2794","8349125","1",NULL
"2795","7741178","1",NULL
"2796","3984781","1",NULL
"2797","0263043","1",NULL
"2798","3213591","1",NULL
"2799","1958953","1",NULL
"2800","8455702","1",NULL
"2801","7272074","1",NULL
"2802","3719158","1",NULL
"2803","4438955","1",NULL
"2804","5112054","1",NULL
"2805","5767506","1",NULL
"2806","5441641","1",NULL
"2807","3224594","1",NULL
"2808","4819641","1",NULL
"2809","4971039","1",NULL
"2810","7904524","1",NULL
"2811","0695643","1",NULL
"2812","7766387","1",NULL
"2813","2116808","1",NULL
"2814","1936493","1",NULL
"2815","8655709","1",NULL
"2816","1854630","1",NULL
"2817","3384843","1",NULL
"2818","5798588","1",NULL
"2819","0356945","1",NULL
"2820","3529345","1",NULL
"2821","8149792","1",NULL
"2822","4098854","1",NULL
"2823","9205803","1",NULL
"2824","1042617","1",NULL
"2825","9612547","1",NULL
"2826","3671029","1",NULL
"2827","0590423","1",NULL
"2828","5481696","1",NULL
"2829","6599845","1",NULL
"2830","5778486","1",NULL
"2831","9120274","1",NULL
"2832","1319704","1",NULL
"2833","5260691","1",NULL
"2834","7782027","1",NULL
"2835","3601439","1",NULL
"2836","2558361","1",NULL
"2837","0861087","1",NULL
"2838","8045466","1",NULL
"2839","2390508","1",NULL
"2840","0195894","1",NULL
"2841","8256040","1",NULL
"2842","9414987","1",NULL
"2843","4458632","1",NULL
"2844","8696464","1",NULL
"2845","0707318","1",NULL
"2846","3195479","1",NULL
"2847","4370632","1",NULL
"2848","0163379","1",NULL
"2849","2304455","1",NULL
"2850","2058149","1",NULL
"2851","1229129","1",NULL
"2852","3031088","1",NULL
"2853","5901472","1",NULL
"2854","5910479","1",NULL
"2855","7292831","1",NULL
"2856","5485416","1",NULL
"2857","6372393","1",NULL
"2858","0708492","1",NULL
"2859","7527885","1",NULL
"2860","5718572","1",NULL
"2861","5697813","1",NULL
"2862","4674607","1",NULL
"2863","0122583","1",NULL
"2864","1261397","1",NULL
"2865","4625027","1",NULL
"2866","4776925","1",NULL
"2867","6559733","1",NULL
"2868","7015242","1",NULL
"2869","5856790","1",NULL
"2870","1691837","1",NULL
"2871","5734033","1",NULL
"2872","5755187","1",NULL
"2873","8944036","1",NULL
"2874","1276597","1",NULL
"2875","8047179","1",NULL
"2876","6424064","1",NULL
"2877","7476096","1",NULL
"2878","3944071","1",NULL
"2879","9742979","1",NULL
"2880","8770106","1",NULL
"2881","6436040","1",NULL
"2882","0700930","1",NULL
"2883","6881073","1",NULL
"2884","5970192","1",NULL
"2885","2076085","1",NULL
"2886","2550726","1",NULL
"2887","2905776","1",NULL
"2888","7137489","1",NULL
"2889","6984060","1",NULL
"2890","0621361","1",NULL
"2891","6880470","1",NULL
"2892","9364684","1",NULL
"2893","4123922","1",NULL
"2894","3731783","1",NULL
"2895","4359197","1",NULL
"2896","8045411","1",NULL
"2897","1267934","1",NULL
"2898","9102262","1",NULL
"2899","8767429","1",NULL
"2900","7607824","1",NULL
"2901","8767903","1",NULL
"2902","3141302","1",NULL
"2903","0044207","1",NULL
"2904","8888282","1",NULL
"2905","4740587","1",NULL
"2906","5631564","1",NULL
"2907","4107324","1",NULL
"2908","5216202","1",NULL
"2909","6014713","1",NULL
"2910","3013893","1",NULL
"2911","1925052","1",NULL
"2912","9888497","1",NULL
"2913","7427911","1",NULL
"2914","4440114","1",NULL
"2915","1823640","1",NULL
"2916","3207500","1",NULL
"2917","1115988","1",NULL
"2918","7043501","1",NULL
"2919","7461029","1",NULL
"2920","6942133","1",NULL
"2921","2165201","1",NULL
"2922","0378463","1",NULL
"2923","0893624","1",NULL
"2924","2401333","1",NULL
"2925","2452726","1",NULL
"2926","2089632","1",NULL
"2927","7857100","1",NULL
"2928","5316378","1",NULL
"2929","3007472","1",NULL
"2930","7881105","1",NULL
"2931","9917589","1",NULL
"2932","6872987","1",NULL
"2933","8757055","1",NULL
"2934","3022432","1",NULL
"2935","3146566","1",NULL
"2936","8327699","1",NULL
"2937","5554497","1",NULL
"2938","2647451","1",NULL
"2939","7663756","1",NULL
"2940","6071830","1",NULL
"2941","4949832","1",NULL
"2942","5759547","1",NULL
"2943","8453344","1",NULL
"2944","4023734","1",NULL
"2945","5441386","1",NULL
"2946","0714456","1",NULL
"2947","9486762","1",NULL
"2948","4709797","1",NULL
"2949","1657247","1",NULL
"2950","0451082","1",NULL
"2951","0723711","1",NULL
"2952","2590904","1",NULL
"2953","5018446","1",NULL
"2954","3728329","1",NULL
"2955","2794523","1",NULL
"2956","4152384","1",NULL
"2957","2796109","1",NULL
"2958","1531832","1",NULL
"2959","1608767","1",NULL
"2960","5554083","1",NULL
"2961","0295307","1",NULL
"2962","0496268","1",NULL
"2963","1358372","1",NULL
"2964","3100253","1",NULL
"2965","9351646","1",NULL
"2966","2867768","1",NULL
"2967","6399761","1",NULL
"2968","5053549","1",NULL
"2969","3505995","1",NULL
"2970","2932769","1",NULL
"2971","8683061","1",NULL
"2972","6986148","1",NULL
"2973","2709805","1",NULL
"2974","2864988","1",NULL
"2975","0694565","1",NULL
"2976","9186677","1",NULL
"2977","3038091","1",NULL
"2978","1128853","1",NULL
"2979","0440725","1",NULL
"2980","5476203","1",NULL
"2981","9717062","1",NULL
"2982","1150831","1",NULL
"2983","6816161","1",NULL
"2984","4052592","1",NULL
"2985","0213228","1",NULL
"2986","3088451","1",NULL
"2987","7508439","1",NULL
"2988","0049973","1",NULL
"2989","1353618","1",NULL
"2990","2751657","1",NULL
"2991","6299823","1",NULL
"2992","2991242","1",NULL
"2993","7137803","1",NULL
"2994","2185407","1",NULL
"2995","5218071","1",NULL
"2996","1795663","1",NULL
"2997","6985701","1",NULL
"2998","5042784","1",NULL
"2999","5455619","1",NULL
"3000","0069516","1",NULL
